,id,premium,name,department,has_test,response_letter_required,area,salary,type,address,response_url,sort_point_distance,published_at,created_at,archived,apply_alternate_url,show_logo_in_search,insider_interview,url,alternate_url,relations,employer,snippet,contacts,schedule,working_days,working_time_intervals,working_time_modes,accept_temporary,professional_roles,accept_incomplete_resumes,experience,employment,adv_response_url,is_adv_vacancy,adv_context
0,93918765,False,Data Analyst (PowerBI),,False,False,"{'id': '1002', 'name': 'Минск', 'url': 'https://api.hh.ru/areas/1002'}","{'from': None, 'to': 2000, 'currency': 'USD', 'gross': True}","{'id': 'open', 'name': 'Открытая'}",,,,2024-02-28T10:27:14+0300,2024-02-28T10:27:14+0300,False,https://hh.ru/applicant/vacancy_response?vacancyId=93918765,,,https://api.hh.ru/vacancies/93918765?host=hh.ru,https://hh.ru/vacancy/93918765,[],"{'id': '3347268', 'name': 'Е-Вижн', 'url': 'https://api.hh.ru/employers/3347268', 'alternate_url': 'https://hh.ru/employer/3347268', 'logo_urls': {'240': 'https://hhcdn.ru/employer-logo/2799720.png', '90': 'https://hhcdn.ru/employer-logo/2799719.png', 'original': 'https://hhcdn.ru/employer-logo-original/589616.png'}, 'vacancies_url': 'https://api.hh.ru/vacancies?employer_id=3347268', 'accredited_it_employer': False, 'trusted': True}","{'requirement': '...анализа <highlighttext>данных</highlighttext> в блокноте Jupyter, включая очистку, манипулирование и визуализацию <highlighttext>данных</highlighttext>. Знакомство с лучшими практиками управления данными и качества <highlighttext>данных</highlighttext>. ', 'responsibility': 'Использование Power BI для преобразования <highlighttext>данных</highlighttext>, создания моделей <highlighttext>данных</highlighttext>, визуализации <highlighttext>данных</highlighttext>, создания и поддержания в актуальном состоянии приборных панелей. '}",,"{'id': 'fullDay', 'name': 'Полный день'}",[],[],[],False,"[{'id': '156', 'name': 'BI-аналитик, аналитик данных'}]",False,"{'id': 'between1And3', 'name': 'От 1 года до 3 лет'}","{'id': 'full', 'name': 'Полная занятость'}",,False,
1,93877681,False,Data Analyst,,False,False,"{'id': '1002', 'name': 'Минск', 'url': 'https://api.hh.ru/areas/1002'}",,"{'id': 'open', 'name': 'Открытая'}",,,,2024-02-27T14:55:40+0300,2024-02-27T14:55:40+0300,False,https://hh.ru/applicant/vacancy_response?vacancyId=93877681,,,https://api.hh.ru/vacancies/93877681?host=hh.ru,https://hh.ru/vacancy/93877681,[],"{'id': '4199338', 'name': 'Лайфтех', 'url': 'https://api.hh.ru/employers/4199338', 'alternate_url': 'https://hh.ru/employer/4199338', 'logo_urls': {'240': 'https://hhcdn.ru/employer-logo/5479753.png', '90': 'https://hhcdn.ru/employer-logo/5479752.png', 'original': 'https://hhcdn.ru/employer-logo-original/965562.png'}, 'vacancies_url': 'https://api.hh.ru/vacancies?employer_id=4199338', 'accredited_it_employer': False, 'trusted': True}","{'requirement': 'Опыт работы на позиции <highlighttext>аналитика</highlighttext> <highlighttext>данных</highlighttext> от 1 года. Опыт работы с любым BI инструментом для визуальной <highlighttext>аналитики</highlighttext> и автоматизации...', 'responsibility': '...основе результатов проведенного анализа <highlighttext>данных</highlighttext> (Oracle, PostgreSQL). Консультация внутренних заказчиков по вопросам анализа <highlighttext>данных</highlighttext>. Подготовка <highlighttext>данных</highlighttext> для использования в прогностическом...'}",,"{'id': 'fullDay', 'name': 'Полный день'}",[],[],[],False,"[{'id': '10', 'name': 'Аналитик'}]",False,"{'id': 'between1And3', 'name': 'От 1 года до 3 лет'}","{'id': 'full', 'name': 'Полная занятость'}",,False,
2,93849154,False,Аналитик данных (Data Analyst / Data Scientist),,False,False,"{'id': '1002', 'name': 'Минск', 'url': 'https://api.hh.ru/areas/1002'}",,"{'id': 'open', 'name': 'Открытая'}",,,,2024-02-27T10:22:02+0300,2024-02-27T10:22:02+0300,False,https://hh.ru/applicant/vacancy_response?vacancyId=93849154,,,https://api.hh.ru/vacancies/93849154?host=hh.ru,https://hh.ru/vacancy/93849154,[],"{'id': '808020', 'name': 'Белгазпромбанк', 'url': 'https://api.hh.ru/employers/808020', 'alternate_url': 'https://hh.ru/employer/808020', 'logo_urls': None, 'vacancies_url': 'https://api.hh.ru/vacancies?employer_id=808020', 'accredited_it_employer': False, 'trusted': True}","{'requirement': 'Опыт работы со структурированными и неструктурированными массивами <highlighttext>данных</highlighttext> (разработка правил наполнения баз <highlighttext>данных</highlighttext>, требований к формированию и накоплению необходимых <highlighttext>данных</highlighttext>...', 'responsibility': '...и исследование <highlighttext>данных</highlighttext>. Анализ структурированных и неструктурированных <highlighttext>данных</highlighttext>. Развитие бизнес-витрин хранилища. Ad-hoc задачи (разовые выгрузки, модели, <highlighttext>аналитика</highlighttext>). '}",,"{'id': 'fullDay', 'name': 'Полный день'}",[],[],[],False,"[{'id': '121', 'name': 'Специалист технической поддержки'}]",True,"{'id': 'between1And3', 'name': 'От 1 года до 3 лет'}","{'id': 'full', 'name': 'Полная занятость'}",,False,
3,94019233,False,"Разработчик операций AI, Python/React для меняющих профессию на разработчика",,False,False,"{'id': '1002', 'name': 'Минск', 'url': 'https://api.hh.ru/areas/1002'}",,"{'id': 'open', 'name': 'Открытая'}",,,,2024-02-29T11:22:18+0300,2024-02-29T11:22:18+0300,False,https://hh.ru/applicant/vacancy_response?vacancyId=94019233,,,https://api.hh.ru/vacancies/94019233?host=hh.ru,https://hh.ru/vacancy/94019233,[],"{'id': '2870783', 'name': 'LATOKEN', 'url': 'https://api.hh.ru/employers/2870783', 'alternate_url': 'https://hh.ru/employer/2870783', 'logo_urls': {'original': 'https://hhcdn.ru/employer-logo-original/1057727.png', '90': 'https://hhcdn.ru/employer-logo/5851549.png', '240': 'https://hhcdn.ru/employer-logo/5851550.png'}, 'vacancies_url': 'https://api.hh.ru/vacancies?employer_id=2870783', 'accredited_it_employer': False, 'trusted': True}","{'requirement': 'Желание общаться с десятком кандидатов в день. Знание Английского, уровень - B2. Преимущества: Возможность работать с передовыми технологиями <highlighttext>AI</highlighttext> и...', 'responsibility': 'Customer Support: ваша задача помогать клиентам с помощью чата-поддержки, а затем автоматизировать его с помощью современных <highlighttext>AI</highlighttext> решений. - '}",,"{'id': 'remote', 'name': 'Удаленная работа'}",[],[],[],False,"[{'id': '96', 'name': 'Программист, разработчик'}]",False,"{'id': 'noExperience', 'name': 'Нет опыта'}","{'id': 'full', 'name': 'Полная занятость'}",,False,
4,93593685,False,AI Art Researcher,,False,False,"{'id': '1002', 'name': 'Минск', 'url': 'https://api.hh.ru/areas/1002'}",,"{'id': 'open', 'name': 'Открытая'}",,,,2024-02-21T11:22:39+0300,2024-02-21T11:22:39+0300,False,https://hh.ru/applicant/vacancy_response?vacancyId=93593685,,,https://api.hh.ru/vacancies/93593685?host=hh.ru,https://hh.ru/vacancy/93593685,[],"{'id': '958733', 'name': 'Вайзор Геймз', 'url': 'https://api.hh.ru/employers/958733', 'alternate_url': 'https://hh.ru/employer/958733', 'logo_urls': {'240': 'https://hhcdn.ru/employer-logo/1665183.png', 'original': 'https://hhcdn.ru/employer-logo-original/305703.png', '90': 'https://hhcdn.ru/employer-logo/1665182.png'}, 'vacancies_url': 'https://api.hh.ru/vacancies?employer_id=958733', 'accredited_it_employer': False, 'trusted': True}","{'requirement': 'Коммерческий опыт работы с <highlighttext>нейросетями</highlighttext> Stable Diffusion. Понимание процесса разработки визуального контента без использования <highlighttext>нейросети</highlighttext>. Работа с терминалом и/или...', 'responsibility': '<highlighttext>Обучение</highlighttext> <highlighttext>нейросетей</highlighttext> под нужды проектов компании. Консультирование, <highlighttext>обучение</highlighttext> и помощь во внедрении <highlighttext>нейросетей</highlighttext> в производственные процессы. Создание и обработка визуального...'}",,"{'id': 'fullDay', 'name': 'Полный день'}",[],[],[],False,"[{'id': '40', 'name': 'Другое'}]",False,"{'id': 'between1And3', 'name': 'От 1 года до 3 лет'}","{'id': 'full', 'name': 'Полная занятость'}",,False,
5,94048178,False,Data engineer / специалист по базам данных,,False,False,"{'id': '1002', 'name': 'Минск', 'url': 'https://api.hh.ru/areas/1002'}","{'from': 1500, 'to': None, 'currency': 'USD', 'gross': False}","{'id': 'open', 'name': 'Открытая'}",,,,2024-02-29T16:00:48+0300,2024-02-29T16:00:48+0300,False,https://hh.ru/applicant/vacancy_response?vacancyId=94048178,,,https://api.hh.ru/vacancies/94048178?host=hh.ru,https://hh.ru/vacancy/94048178,[],"{'id': '766294', 'name': 'Саппорт 24', 'url': 'https://api.hh.ru/employers/766294', 'alternate_url': 'https://hh.ru/employer/766294', 'logo_urls': {'90': 'https://hhcdn.ru/employer-logo/2093962.png', 'original': 'https://hhcdn.ru/employer-logo-original/412972.png', '240': 'https://hhcdn.ru/employer-logo/2093963.png'}, 'vacancies_url': 'https://api.hh.ru/vacancies?employer_id=766294', 'accredited_it_employer': False, 'trusted': True}","{'requirement': 'Ответственность и основные задачи: - Продвинутые знания баз <highlighttext>данных</highlighttext> SQL / NoSQL, MongoDB. - Хорошее владение английским языком. - Высшее образование, предпочтительно техническое, ИТ...', 'responsibility': 'Проект в секторе <highlighttext>AI</highlighttext> собирает ИТ-команду. - Cоздания больших баз <highlighttext>данных</highlighttext> и их токенизации для тонких настроек LLM. - '}",,"{'id': 'fullDay', 'name': 'Полный день'}",[],[],[],True,"[{'id': '156', 'name': 'BI-аналитик, аналитик данных'}]",False,"{'id': 'between3And6', 'name': 'От 3 до 6 лет'}","{'id': 'project', 'name': 'Проектная работа'}",,False,
6,94106435,False,Data Scientist,,False,False,"{'id': '1002', 'name': 'Минск', 'url': 'https://api.hh.ru/areas/1002'}",,"{'id': 'open', 'name': 'Открытая'}","{'city': 'Минск', 'street': 'улица Веры Хоружей', 'building': '31а', 'lat': 53.922464, 'lng': 27.558561, 'description': None, 'raw': 'Минск, улица Веры Хоружей, 31а', 'metro': {'station_name': 'Площадь Якуба Коласа', 'line_name': 'Московская', 'station_id': '62.408', 'line_id': '62', 'lat': 53.915369, 'lng': 27.583265}, 'metro_stations': [{'station_name': 'Площадь Якуба Коласа', 'line_name': 'Московская', 'station_id': '62.408', 'line_id': '62', 'lat': 53.915369, 'lng': 27.583265}], 'id': '205735'}",,,2024-03-01T14:08:44+0300,2024-03-01T14:08:44+0300,False,https://hh.ru/applicant/vacancy_response?vacancyId=94106435,,,https://api.hh.ru/vacancies/94106435?host=hh.ru,https://hh.ru/vacancy/94106435,[],"{'id': '1132717', 'name': 'Приорбанк', 'url': 'https://api.hh.ru/employers/1132717', 'alternate_url': 'https://hh.ru/employer/1132717', 'logo_urls': {'original': 'https://hhcdn.ru/employer-logo-original/569319.jpg', '90': 'https://hhcdn.ru/employer-logo/2718745.jpeg', '240': 'https://hhcdn.ru/employer-logo/2718746.jpeg'}, 'vacancies_url': 'https://api.hh.ru/vacancies?employer_id=1132717', 'accredited_it_employer': False, 'trusted': True}","{'requirement': 'Хорошая подготовка в области математики, математической статистики, теории <highlighttext>машинного</highlighttext> <highlighttext>обучения</highlighttext>. Хорошее владение построением SQL-запросов, опыт написания скриптов обработки <highlighttext>данных</highlighttext>. ', 'responsibility': '...Advanced Analytics / <highlighttext>Machine</highlighttext> <highlighttext>Learning</highlighttext> моделей для решения различных бизнес-задач. Сопровождение/перетренировка существующих AA/<highlighttext>ML</highlighttext> моделей. Анализ <highlighttext>данных</highlighttext> в учетных...'}",,"{'id': 'fullDay', 'name': 'Полный день'}",[],[],[],False,"[{'id': '165', 'name': 'Дата-сайентист'}]",True,"{'id': 'between3And6', 'name': 'От 3 до 6 лет'}","{'id': 'full', 'name': 'Полная занятость'}",,False,
7,93876225,False,Data Scientist(Computer Vision),,False,False,"{'id': '1002', 'name': 'Минск', 'url': 'https://api.hh.ru/areas/1002'}",,"{'id': 'open', 'name': 'Открытая'}",,,,2024-02-27T14:38:54+0300,2024-02-27T14:38:54+0300,False,https://hh.ru/applicant/vacancy_response?vacancyId=93876225,,,https://api.hh.ru/vacancies/93876225?host=hh.ru,https://hh.ru/vacancy/93876225,[],"{'id': '4199338', 'name': 'Лайфтех', 'url': 'https://api.hh.ru/employers/4199338', 'alternate_url': 'https://hh.ru/employer/4199338', 'logo_urls': {'240': 'https://hhcdn.ru/employer-logo/5479753.png', '90': 'https://hhcdn.ru/employer-logo/5479752.png', 'original': 'https://hhcdn.ru/employer-logo-original/965562.png'}, 'vacancies_url': 'https://api.hh.ru/vacancies?employer_id=4199338', 'accredited_it_employer': False, 'trusted': True}","{'requirement': 'Знание наиболее распространенных алгоритмов <highlighttext>машинного</highlighttext> и глубокого <highlighttext>обучения</highlighttext>, понимание их теоретических основ. Знание основных инструментов глубокого <highlighttext>обучения</highlighttext> и анализа <highlighttext>данных</highlighttext>...', 'responsibility': 'Извлечение больших объемов <highlighttext>данных</highlighttext> из различных внутренних и внешних источников с последующим анализом. Сбор и анализ <highlighttext>данных</highlighttext>, визуализация результатов в...'}",,"{'id': 'fullDay', 'name': 'Полный день'}",[],[],[],False,"[{'id': '165', 'name': 'Дата-сайентист'}]",False,"{'id': 'between1And3', 'name': 'От 1 года до 3 лет'}","{'id': 'full', 'name': 'Полная занятость'}",,False,
8,91403672,False,Trainee Data Engineer,,False,False,"{'id': '1002', 'name': 'Минск', 'url': 'https://api.hh.ru/areas/1002'}",,"{'id': 'open', 'name': 'Открытая'}",,,,2024-02-05T11:36:16+0300,2024-02-05T11:36:16+0300,False,https://hh.ru/applicant/vacancy_response?vacancyId=91403672,,,https://api.hh.ru/vacancies/91403672?host=hh.ru,https://hh.ru/vacancy/91403672,[],"{'id': '1858119', 'name': 'Innowise Group / Фабрика инноваций и решений', 'url': 'https://api.hh.ru/employers/1858119', 'alternate_url': 'https://hh.ru/employer/1858119', 'logo_urls': {'90': 'https://hhcdn.ru/employer-logo/3339492.png', '240': 'https://hhcdn.ru/employer-logo/3339493.png', 'original': 'https://hhcdn.ru/employer-logo-original/724601.png'}, 'vacancies_url': 'https://api.hh.ru/vacancies?employer_id=1858119', 'accredited_it_employer': False, 'trusted': True}","{'requirement': 'Знание конвейеров ETL/ELT. Знание баз <highlighttext>данных</highlighttext> NoSql. Опыт работы с инструментами визуализации BI (например, Power BI, Tableau, QuickSight и...', 'responsibility': 'Подготовка к собеседованиям с зарубежными заказчиками на английском языке. Рабочая среда: Подробный онбординг: знакомство с командой, процессами и правилами, экскурсия...'}",,"{'id': 'fullDay', 'name': 'Полный день'}",[],[],[],False,"[{'id': '96', 'name': 'Программист, разработчик'}]",False,"{'id': 'noExperience', 'name': 'Нет опыта'}","{'id': 'probation', 'name': 'Стажировка'}",,False,
9,93923311,False,Data Science / Machine Learning Engineer,,False,False,"{'id': '1002', 'name': 'Минск', 'url': 'https://api.hh.ru/areas/1002'}",,"{'id': 'open', 'name': 'Открытая'}",,,,2024-03-02T11:12:42+0300,2024-03-02T11:12:42+0300,False,https://hh.ru/applicant/vacancy_response?vacancyId=93923311,True,,https://api.hh.ru/vacancies/93923311?host=hh.ru,https://hh.ru/vacancy/93923311,[],"{'id': '782882', 'name': 'Пеленг', 'url': 'https://api.hh.ru/employers/782882', 'alternate_url': 'https://hh.ru/employer/782882', 'logo_urls': {'90': 'https://hhcdn.ru/employer-logo/6530181.jpeg', '240': 'https://hhcdn.ru/employer-logo/6530182.jpeg', 'original': 'https://hhcdn.ru/employer-logo-original/1227435.jpg'}, 'vacancies_url': 'https://api.hh.ru/vacancies?employer_id=782882', 'accredited_it_employer': False, 'trusted': True}","{'requirement': 'Хорошая математическая подготовка. Опыт работы с gitlab. Опыт работы с системами разметки <highlighttext>данных</highlighttext>. Linux, bash. Знакомство с embedded платформами (jetson...', 'responsibility': '...очистка, <highlighttext>инженерия</highlighttext> признаков. Формулировка и тестирование гипотез. Взаимодействие с производственным персоналом для обсуждения задач. Разработка и внедрение моделей <highlighttext>машинного</highlighttext> <highlighttext>обучения</highlighttext>. '}",,"{'id': 'fullDay', 'name': 'Полный день'}",[],[],[],False,"[{'id': '96', 'name': 'Программист, разработчик'}]",False,"{'id': 'between1And3', 'name': 'От 1 года до 3 лет'}","{'id': 'full', 'name': 'Полная занятость'}",,False,
10,94030080,False,Product Support & AI Content Manager,,False,False,"{'id': '1002', 'name': 'Минск', 'url': 'https://api.hh.ru/areas/1002'}","{'from': 700, 'to': None, 'currency': 'BYR', 'gross': False}","{'id': 'open', 'name': 'Открытая'}",,,,2024-02-29T13:01:15+0300,2024-02-29T13:01:15+0300,False,https://hh.ru/applicant/vacancy_response?vacancyId=94030080,,,https://api.hh.ru/vacancies/94030080?host=hh.ru,https://hh.ru/vacancy/94030080,[],"{'id': '1010601', 'name': 'АмДев', 'url': 'https://api.hh.ru/employers/1010601', 'alternate_url': 'https://hh.ru/employer/1010601', 'logo_urls': {'original': 'https://hhcdn.ru/employer-logo-original/1189006.png', '90': 'https://hhcdn.ru/employer-logo/6376481.png', '240': 'https://hhcdn.ru/employer-logo/6376482.png'}, 'vacancies_url': 'https://api.hh.ru/vacancies?employer_id=1010601', 'accredited_it_employer': False, 'trusted': True}","{'requirement': 'Знание английского языка на уровне В1 и выше. Высокий уровень эмпатии, организованность, честность. Способность и мотивация к быстрому <highlighttext>обучению</highlighttext>.', 'responsibility': 'Если подходящее решение не находится, Product Support & <highlighttext>AI</highlighttext> Content Manager подготавливает и актуализирует материалы для <highlighttext>обучения</highlighttext> <highlighttext>искусственного</highlighttext> <highlighttext>интеллекта</highlighttext>, а сам...'}",,"{'id': 'shift', 'name': 'Сменный график'}",[],[],[],False,"[{'id': '121', 'name': 'Специалист технической поддержки'}]",True,"{'id': 'noExperience', 'name': 'Нет опыта'}","{'id': 'full', 'name': 'Полная занятость'}",,False,
11,92815041,False,Data Analyst,,False,False,"{'id': '1002', 'name': 'Минск', 'url': 'https://api.hh.ru/areas/1002'}",,"{'id': 'open', 'name': 'Открытая'}","{'city': 'Минск', 'street': 'проспект Независимости', 'building': '58В', 'lat': 53.917225, 'lng': 27.590236, 'description': None, 'raw': 'Минск, проспект Независимости, 58В', 'metro': {'station_name': 'Площадь Якуба Коласа', 'line_name': 'Московская', 'station_id': '62.408', 'line_id': '62', 'lat': 53.915369, 'lng': 27.583265}, 'metro_stations': [{'station_name': 'Площадь Якуба Коласа', 'line_name': 'Московская', 'station_id': '62.408', 'line_id': '62', 'lat': 53.915369, 'lng': 27.583265}], 'id': '7659092'}",,,2024-02-07T10:55:52+0300,2024-02-07T10:55:52+0300,False,https://hh.ru/applicant/vacancy_response?vacancyId=92815041,,,https://api.hh.ru/vacancies/92815041?host=hh.ru,https://hh.ru/vacancy/92815041,[],"{'id': '2040280', 'name': 'ВебиКо', 'url': 'https://api.hh.ru/employers/2040280', 'alternate_url': 'https://hh.ru/employer/2040280', 'logo_urls': {'240': 'https://hhcdn.ru/employer-logo/5504837.jpeg', '90': 'https://hhcdn.ru/employer-logo/5504836.jpeg', 'original': 'https://hhcdn.ru/employer-logo-original/970996.jpg'}, 'vacancies_url': 'https://api.hh.ru/vacancies?employer_id=2040280', 'accredited_it_employer': False, 'trusted': True}","{'requirement': 'Experience with Git or other versioning system. Ability to <highlighttext>learn</highlighttext> quickly, self-teach when required, and effectively seek out resources...', 'responsibility': 'Development of Python Airflow scheduled tasks of <highlighttext>data</highlighttext> pre-processing for further usage in reporting and forecasting systems. '}",,"{'id': 'fullDay', 'name': 'Полный день'}",[],[],[],False,"[{'id': '165', 'name': 'Дата-сайентист'}]",False,"{'id': 'between1And3', 'name': 'От 1 года до 3 лет'}","{'id': 'full', 'name': 'Полная занятость'}",,False,
12,92360343,False,Data Scientist (Machine Learning),,False,False,"{'id': '1002', 'name': 'Минск', 'url': 'https://api.hh.ru/areas/1002'}",,"{'id': 'open', 'name': 'Открытая'}",,,,2024-02-28T16:45:13+0300,2024-02-28T16:45:13+0300,False,https://hh.ru/applicant/vacancy_response?vacancyId=92360343,,,https://api.hh.ru/vacancies/92360343?host=hh.ru,https://hh.ru/vacancy/92360343,[],"{'id': '4199338', 'name': 'Лайфтех', 'url': 'https://api.hh.ru/employers/4199338', 'alternate_url': 'https://hh.ru/employer/4199338', 'logo_urls': {'240': 'https://hhcdn.ru/employer-logo/5479753.png', '90': 'https://hhcdn.ru/employer-logo/5479752.png', 'original': 'https://hhcdn.ru/employer-logo-original/965562.png'}, 'vacancies_url': 'https://api.hh.ru/vacancies?employer_id=4199338', 'accredited_it_employer': False, 'trusted': True}","{'requirement': '...<highlighttext>машинного</highlighttext> <highlighttext>обучения</highlighttext> и анализа <highlighttext>данных</highlighttext>, таких как Pandas, Scikit-<highlighttext>learn</highlighttext>, TensorFlow, pyTorch, OpenCV и другие. Знание наиболее распространенных алгоритмов <highlighttext>машинного</highlighttext>...', 'responsibility': 'Извлечение больших объемов <highlighttext>данных</highlighttext> из различных внутренних и внешних источников с последующим анализом. Сбор и анализ <highlighttext>данных</highlighttext>, визуализация результатов в...'}",,"{'id': 'fullDay', 'name': 'Полный день'}",[],[],[],False,"[{'id': '10', 'name': 'Аналитик'}]",False,"{'id': 'between1And3', 'name': 'От 1 года до 3 лет'}","{'id': 'full', 'name': 'Полная занятость'}",,False,
13,93553355,False,Аналитик данных,,False,False,"{'id': '1002', 'name': 'Минск', 'url': 'https://api.hh.ru/areas/1002'}","{'from': 1600, 'to': 1900, 'currency': 'BYR', 'gross': False}","{'id': 'open', 'name': 'Открытая'}",,,,2024-02-20T15:59:20+0300,2024-02-20T15:59:20+0300,False,https://hh.ru/applicant/vacancy_response?vacancyId=93553355,,,https://api.hh.ru/vacancies/93553355?host=hh.ru,https://hh.ru/vacancy/93553355,[],"{'id': '758498', 'name': 'СОСЕДИ, Сеть магазинов', 'url': 'https://api.hh.ru/employers/758498', 'alternate_url': 'https://hh.ru/employer/758498', 'logo_urls': {'240': 'https://hhcdn.ru/employer-logo/2381753.png', '90': 'https://hhcdn.ru/employer-logo/2381752.png', 'original': 'https://hhcdn.ru/employer-logo-original/484975.png'}, 'vacancies_url': 'https://api.hh.ru/vacancies?employer_id=758498', 'accredited_it_employer': False, 'trusted': True}","{'requirement': 'Готовы рассматривать также выпускников курсов по анализу <highlighttext>данных</highlighttext>/<highlighttext>data</highlighttext> science (Python). Уверенный пользователь MS Excel (ОБЯЗАТЕЛЕН опыт работы со сводными...', 'responsibility': 'Получение <highlighttext>данных</highlighttext> из нескольких источников, очистка, валидация, преобразование, моделирование <highlighttext>данных</highlighttext>. Формирование аналитических отчетов на основании больших массивов <highlighttext>данных</highlighttext>. Формирование прогнозов. '}",,"{'id': 'fullDay', 'name': 'Полный день'}",[],[],[],False,"[{'id': '10', 'name': 'Аналитик'}]",False,"{'id': 'between1And3', 'name': 'От 1 года до 3 лет'}","{'id': 'full', 'name': 'Полная занятость'}",,False,
14,93457243,False,Data Analyst,,False,False,"{'id': '1002', 'name': 'Минск', 'url': 'https://api.hh.ru/areas/1002'}",,"{'id': 'open', 'name': 'Открытая'}","{'city': 'Минск', 'street': 'проспект Машерова', 'building': '15/8', 'lat': 53.915247, 'lng': 27.567589, 'description': None, 'raw': 'Минск, проспект Машерова, 15/8', 'metro': {'station_name': 'Площадь Победы', 'line_name': 'Московская', 'station_id': '62.409', 'line_id': '62', 'lat': 53.908644, 'lng': 27.575054}, 'metro_stations': [{'station_name': 'Площадь Победы', 'line_name': 'Московская', 'station_id': '62.409', 'line_id': '62', 'lat': 53.908644, 'lng': 27.575054}], 'id': '14234604'}",,,2024-02-19T12:25:58+0300,2024-02-19T12:25:58+0300,False,https://hh.ru/applicant/vacancy_response?vacancyId=93457243,,,https://api.hh.ru/vacancies/93457243?host=hh.ru,https://hh.ru/vacancy/93457243,[],"{'id': '1894402', 'name': 'БЛД Софт', 'url': 'https://api.hh.ru/employers/1894402', 'alternate_url': 'https://hh.ru/employer/1894402', 'logo_urls': {'original': 'https://hhcdn.ru/employer-logo-original/1032372.jpg', '240': 'https://hhcdn.ru/employer-logo/5750249.jpeg', '90': 'https://hhcdn.ru/employer-logo/5750248.jpeg'}, 'vacancies_url': 'https://api.hh.ru/vacancies?employer_id=1894402', 'accredited_it_employer': False, 'trusted': True}","{'requirement': 'Strong analytical, <highlighttext>data</highlighttext> processing and problem-solving skills. A passion for understanding business questions and making <highlighttext>data</highlighttext> driven insights. ', 'responsibility': 'Participate in driving the Analytics <highlighttext>Data</highlighttext> Сollection Initiative and Analytic Portal development. Ensure that the <highlighttext>data</highlighttext> we need to understand...'}",,"{'id': 'fullDay', 'name': 'Полный день'}",[],[],[],False,"[{'id': '156', 'name': 'BI-аналитик, аналитик данных'}]",False,"{'id': 'between1And3', 'name': 'От 1 года до 3 лет'}","{'id': 'full', 'name': 'Полная занятость'}",,False,
15,92186783,False,Data Analyst,,False,False,"{'id': '1002', 'name': 'Минск', 'url': 'https://api.hh.ru/areas/1002'}",,"{'id': 'open', 'name': 'Открытая'}","{'city': 'Минск', 'street': 'проспект Победителей', 'building': '100', 'lat': 53.93823, 'lng': 27.481647, 'description': None, 'raw': 'Минск, проспект Победителей, 100', 'metro': None, 'metro_stations': [], 'id': '731051'}",,,2024-02-23T16:17:45+0300,2024-02-23T16:17:45+0300,False,https://hh.ru/applicant/vacancy_response?vacancyId=92186783,True,,https://api.hh.ru/vacancies/92186783?host=hh.ru,https://hh.ru/vacancy/92186783,[],"{'id': '763400', 'name': '21vek.by', 'url': 'https://api.hh.ru/employers/763400', 'alternate_url': 'https://hh.ru/employer/763400', 'logo_urls': {'original': 'https://hhcdn.ru/employer-logo-original/1121694.png', '90': 'https://hhcdn.ru/employer-logo/6107365.png', '240': 'https://hhcdn.ru/employer-logo/6107366.png'}, 'vacancies_url': 'https://api.hh.ru/vacancies?employer_id=763400', 'accredited_it_employer': False, 'trusted': True}","{'requirement': 'Умение выбирать нужный способ оценки <highlighttext>данных</highlighttext> – <highlighttext>аналитика</highlighttext>, исследования или использование внешних <highlighttext>данных</highlighttext>. Знание реляционных баз <highlighttext>данных</highlighttext> (MSSQL) + опыт работы...', 'responsibility': 'Взаимодействовать со всеми командами <highlighttext>Data</highlighttext> департамента, для оптимизации потоков <highlighttext>данных</highlighttext>, контроля качества и целостности <highlighttext>данных</highlighttext> продукта, создания витрин <highlighttext>данных</highlighttext> для...'}",,"{'id': 'fullDay', 'name': 'Полный день'}",[],[],[],False,"[{'id': '156', 'name': 'BI-аналитик, аналитик данных'}]",False,"{'id': 'between3And6', 'name': 'От 3 до 6 лет'}","{'id': 'full', 'name': 'Полная занятость'}",,False,
16,92484847,False,Marketing Data Analyst,,False,False,"{'id': '1002', 'name': 'Минск', 'url': 'https://api.hh.ru/areas/1002'}",,"{'id': 'open', 'name': 'Открытая'}",,,,2024-03-01T18:42:30+0300,2024-03-01T18:42:30+0300,False,https://hh.ru/applicant/vacancy_response?vacancyId=92484847,,,https://api.hh.ru/vacancies/92484847?host=hh.ru,https://hh.ru/vacancy/92484847,[],"{'id': '958733', 'name': 'Вайзор Геймз', 'url': 'https://api.hh.ru/employers/958733', 'alternate_url': 'https://hh.ru/employer/958733', 'logo_urls': {'240': 'https://hhcdn.ru/employer-logo/1665183.png', 'original': 'https://hhcdn.ru/employer-logo-original/305703.png', '90': 'https://hhcdn.ru/employer-logo/1665182.png'}, 'vacancies_url': 'https://api.hh.ru/vacancies?employer_id=958733', 'accredited_it_employer': False, 'trusted': True}","{'requirement': '...анализа <highlighttext>данных</highlighttext> в маркетинговой <highlighttext>аналитике</highlighttext> (геймдев или мобильные приложения). Уверенное знание и понимание мобильной атрибуции. Способность к системному анализу <highlighttext>данных</highlighttext>...', 'responsibility': '...создание отчетов (в том числе автоматических). Проверка гипотез маркетинговой команды с помощью анализа <highlighttext>данных</highlighttext>. Предоставление рекомендаций команде со стороны <highlighttext>аналитики</highlighttext>.'}",,"{'id': 'fullDay', 'name': 'Полный день'}",[],[],[],False,"[{'id': '10', 'name': 'Аналитик'}]",False,"{'id': 'between3And6', 'name': 'От 3 до 6 лет'}","{'id': 'full', 'name': 'Полная занятость'}",,False,
17,90604979,False,Product Data Analyst / Data Scientist (GameDev),,False,False,"{'id': '1002', 'name': 'Минск', 'url': 'https://api.hh.ru/areas/1002'}",,"{'id': 'open', 'name': 'Открытая'}",,,,2024-02-06T13:34:57+0300,2024-02-06T13:34:57+0300,False,https://hh.ru/applicant/vacancy_response?vacancyId=90604979,,,https://api.hh.ru/vacancies/90604979?host=hh.ru,https://hh.ru/vacancy/90604979,[],"{'id': '2516122', 'name': 'Вераксен Бел', 'url': 'https://api.hh.ru/employers/2516122', 'alternate_url': 'https://hh.ru/employer/2516122', 'logo_urls': {'90': 'https://hhcdn.ru/employer-logo/3799375.jpeg', '240': 'https://hhcdn.ru/employer-logo/3799376.jpeg', 'original': 'https://hhcdn.ru/employer-logo-original/839624.jpg'}, 'vacancies_url': 'https://api.hh.ru/vacancies?employer_id=2516122', 'accredited_it_employer': False, 'trusted': True}","{'requirement': 'Опыт работы на позиции <highlighttext>Data</highlighttext> <highlighttext>Analyst</highlighttext> / <highlighttext>Data</highlighttext> <highlighttext>Scientist</highlighttext> от 3 лет. Знание методов <highlighttext>машинного</highlighttext> <highlighttext>обучения</highlighttext>. Опыт работы с Python и...', 'responsibility': '...конвейер <highlighttext>данных</highlighttext> и рабочих процессов для оптимизации обработки и анализа <highlighttext>данных</highlighttext>. Предоставлять рекомендации по улучшению продукта на основе анализа <highlighttext>данных</highlighttext>. '}",,"{'id': 'fullDay', 'name': 'Полный день'}",[],[],[],False,"[{'id': '10', 'name': 'Аналитик'}]",False,"{'id': 'between3And6', 'name': 'От 3 до 6 лет'}","{'id': 'full', 'name': 'Полная занятость'}",,False,
18,93704372,False,BI аналитик / аналитик данных (тренер курса),,False,False,"{'id': '1002', 'name': 'Минск', 'url': 'https://api.hh.ru/areas/1002'}",,"{'id': 'open', 'name': 'Открытая'}",,,,2024-02-23T15:05:02+0300,2024-02-23T15:05:02+0300,False,https://hh.ru/applicant/vacancy_response?vacancyId=93704372,,,https://api.hh.ru/vacancies/93704372?host=hh.ru,https://hh.ru/vacancy/93704372,[],"{'id': '2616373', 'name': 'Европейский центр разработки программного обеспечения', 'url': 'https://api.hh.ru/employers/2616373', 'alternate_url': 'https://hh.ru/employer/2616373', 'logo_urls': None, 'vacancies_url': 'https://api.hh.ru/vacancies?employer_id=2616373', 'accredited_it_employer': False, 'trusted': True}","{'requirement': 'Практический опыт работы BI-<highlighttext>аналитиком</highlighttext> в IT не менее 3-х лет. Опыт работы с системами визуализации <highlighttext>данных</highlighttext> (Power BI...', 'responsibility': 'Разработка программы <highlighttext>обучения</highlighttext> и преподавание курса. Проверка домашних заданий и контроль знаний слушателей. Предоставление слушателям обратной связи.'}",,"{'id': 'fullDay', 'name': 'Полный день'}",[],[],[],True,"[{'id': '156', 'name': 'BI-аналитик, аналитик данных'}]",False,"{'id': 'between3And6', 'name': 'От 3 до 6 лет'}","{'id': 'part', 'name': 'Частичная занятость'}",,False,
19,93666146,False,ML-разработчик (Python),,False,False,"{'id': '1002', 'name': 'Минск', 'url': 'https://api.hh.ru/areas/1002'}",,"{'id': 'open', 'name': 'Открытая'}",,,,2024-02-22T13:31:10+0300,2024-02-22T13:31:10+0300,False,https://hh.ru/applicant/vacancy_response?vacancyId=93666146,,,https://api.hh.ru/vacancies/93666146?host=hh.ru,https://hh.ru/vacancy/93666146,[],"{'id': '4969714', 'name': 'Syazan OU', 'url': 'https://api.hh.ru/employers/4969714', 'alternate_url': 'https://hh.ru/employer/4969714', 'logo_urls': {'240': 'https://hhcdn.ru/employer-logo/3575724.png', '90': 'https://hhcdn.ru/employer-logo/3575723.png', 'original': 'https://hhcdn.ru/employer-logo-original/783708.png'}, 'vacancies_url': 'https://api.hh.ru/vacancies?employer_id=4969714', 'accredited_it_employer': False, 'trusted': True}","{'requirement': '...<highlighttext>машинного</highlighttext> <highlighttext>обучения</highlighttext> и обработки <highlighttext>данных</highlighttext> (например, TensorFlow, PyTorch, Keras, Scikit-<highlighttext>learn</highlighttext>, Pandas, NumPy). Опыт разработки и <highlighttext>обучения</highlighttext> моделей глубокого <highlighttext>обучения</highlighttext>...', 'responsibility': '...и <highlighttext>обучения</highlighttext> моделей на основе новых <highlighttext>данных</highlighttext>. Работа с командой разработчиков и <highlighttext>аналитиков</highlighttext> <highlighttext>данных</highlighttext> для интеграции моделей <highlighttext>машинного</highlighttext> <highlighttext>обучения</highlighttext> в...'}",,"{'id': 'remote', 'name': 'Удаленная работа'}",[],[],[],True,"[{'id': '96', 'name': 'Программист, разработчик'}]",False,"{'id': 'between3And6', 'name': 'От 3 до 6 лет'}","{'id': 'full', 'name': 'Полная занятость'}",,False,
20,92348019,False,Data Engineer,,False,False,"{'id': '1002', 'name': 'Минск', 'url': 'https://api.hh.ru/areas/1002'}",,"{'id': 'open', 'name': 'Открытая'}",,,,2024-02-28T14:15:08+0300,2024-02-28T14:15:08+0300,False,https://hh.ru/applicant/vacancy_response?vacancyId=92348019,,,https://api.hh.ru/vacancies/92348019?host=hh.ru,https://hh.ru/vacancy/92348019,[],"{'id': '1858119', 'name': 'Innowise Group / Фабрика инноваций и решений', 'url': 'https://api.hh.ru/employers/1858119', 'alternate_url': 'https://hh.ru/employer/1858119', 'logo_urls': {'90': 'https://hhcdn.ru/employer-logo/3339492.png', '240': 'https://hhcdn.ru/employer-logo/3339493.png', 'original': 'https://hhcdn.ru/employer-logo-original/724601.png'}, 'vacancies_url': 'https://api.hh.ru/vacancies?employer_id=1858119', 'accredited_it_employer': False, 'trusted': True}","{'requirement': 'Опыт построения ETL/ELT pipelines. Знание реляционных баз <highlighttext>данных</highlighttext> (например, PostgreSql, MySql и др.). Знание баз <highlighttext>данных</highlighttext> NoSQL. ', 'responsibility': 'Подробный онбординг: знакомство с командой, процессами и правилами, экскурсия по офису, welcome card.'}",,"{'id': 'fullDay', 'name': 'Полный день'}",[],[],[],False,"[{'id': '40', 'name': 'Другое'}]",True,"{'id': 'between1And3', 'name': 'От 1 года до 3 лет'}","{'id': 'full', 'name': 'Полная занятость'}",,False,
21,90051178,False,ML-инженер в Центр технологий искусственного интеллекта Тинькофф,,False,False,"{'id': '1002', 'name': 'Минск', 'url': 'https://api.hh.ru/areas/1002'}",,"{'id': 'open', 'name': 'Открытая'}",,,,2024-02-26T16:05:59+0300,2024-02-26T16:05:59+0300,False,https://hh.ru/applicant/vacancy_response?vacancyId=90051178,True,,https://api.hh.ru/vacancies/90051178?host=hh.ru,https://hh.ru/vacancy/90051178,[],"{'id': '78638', 'name': 'Тинькофф', 'url': 'https://api.hh.ru/employers/78638', 'alternate_url': 'https://hh.ru/employer/78638', 'logo_urls': {'240': 'https://hhcdn.ru/employer-logo/6576430.png', '90': 'https://hhcdn.ru/employer-logo/6576429.png', 'original': 'https://hhcdn.ru/employer-logo-original/1238999.png'}, 'vacancies_url': 'https://api.hh.ru/vacancies?employer_id=78638', 'accredited_it_employer': False, 'trusted': True}","{'requirement': 'Разбираетесь в принципах работы современных алгоритмов <highlighttext>машинного</highlighttext> <highlighttext>обучения</highlighttext>. Знаете Python. Умеете декомпозировать задачу в переиспользуемые и тестируемые библиотеки и компоненты. ', 'responsibility': 'Писать воспроизводимый код, оформлять эксперименты в воспроизводимые пайплайны, включающие разметку и обработку <highlighttext>данных</highlighttext>, <highlighttext>обучение</highlighttext> моделей и валидацию системы в целом.'}",,"{'id': 'fullDay', 'name': 'Полный день'}",[],[],[],False,"[{'id': '96', 'name': 'Программист, разработчик'}]",False,"{'id': 'between1And3', 'name': 'От 1 года до 3 лет'}","{'id': 'full', 'name': 'Полная занятость'}",,False,
22,86553467,False,Python Data Engineer,,False,False,"{'id': '1002', 'name': 'Минск', 'url': 'https://api.hh.ru/areas/1002'}",,"{'id': 'open', 'name': 'Открытая'}","{'city': 'Минск', 'street': 'проспект Дзержинского', 'building': '104', 'lat': 53.861872, 'lng': 27.480399, 'description': None, 'raw': 'Минск, проспект Дзержинского, 104', 'metro': None, 'metro_stations': [], 'id': '7030547'}",,,2024-02-29T15:22:08+0300,2024-02-29T15:22:08+0300,False,https://hh.ru/applicant/vacancy_response?vacancyId=86553467,,,https://api.hh.ru/vacancies/86553467?host=hh.ru,https://hh.ru/vacancy/86553467,[],"{'id': '5674346', 'name': 'УайтСнейк', 'url': 'https://api.hh.ru/employers/5674346', 'alternate_url': 'https://hh.ru/employer/5674346', 'logo_urls': {'original': 'https://hhcdn.ru/employer-logo-original/923495.png', '240': 'https://hhcdn.ru/employer-logo/4134541.png', '90': 'https://hhcdn.ru/employer-logo/4134540.png'}, 'vacancies_url': 'https://api.hh.ru/vacancies?employer_id=5674346', 'accredited_it_employer': False, 'trusted': True}","{'requirement': 'Опыт работы с Kafka / RabbitMQ / Kinesis / SQS. Опыт работы с Big <highlighttext>Data</highlighttext> stack (Pandas / Dask / Polar). Опыт работы с облачными...', 'responsibility': 'Проектирование, разработка и поддержка конвейеров <highlighttext>данных</highlighttext> и хранилищ.'}",,"{'id': 'fullDay', 'name': 'Полный день'}",[],[],[],False,"[{'id': '96', 'name': 'Программист, разработчик'}]",False,"{'id': 'between1And3', 'name': 'От 1 года до 3 лет'}","{'id': 'full', 'name': 'Полная занятость'}",,False,
23,92848988,False,Data scientist / инженер по машинному обучению / ML engineer,,False,False,"{'id': '1002', 'name': 'Минск', 'url': 'https://api.hh.ru/areas/1002'}",,"{'id': 'open', 'name': 'Открытая'}","{'city': 'Минск', 'street': 'переулок Козлова', 'building': '25', 'lat': 53.904103, 'lng': 27.606459, 'description': None, 'raw': 'Минск, переулок Козлова, 25', 'metro': {'station_name': 'Академия наук', 'line_name': 'Московская', 'station_id': '62.407', 'line_id': '62', 'lat': 53.92187, 'lng': 27.599066}, 'metro_stations': [{'station_name': 'Академия наук', 'line_name': 'Московская', 'station_id': '62.407', 'line_id': '62', 'lat': 53.92187, 'lng': 27.599066}, {'station_name': 'Площадь Победы', 'line_name': 'Московская', 'station_id': '62.409', 'line_id': '62', 'lat': 53.908644, 'lng': 27.575054}], 'id': '5566221'}",,,2024-03-02T18:50:19+0300,2024-03-02T18:50:19+0300,False,https://hh.ru/applicant/vacancy_response?vacancyId=92848988,,,https://api.hh.ru/vacancies/92848988?host=hh.ru,https://hh.ru/vacancy/92848988,[],"{'id': '4525306', 'name': 'МАКСБИТСОЛЮШЕН', 'url': 'https://api.hh.ru/employers/4525306', 'alternate_url': 'https://hh.ru/employer/4525306', 'logo_urls': {'90': 'https://hhcdn.ru/employer-logo/4272552.jpeg', '240': 'https://hhcdn.ru/employer-logo/4272553.jpeg', 'original': 'https://hhcdn.ru/employer-logo-original/958006.jpg'}, 'vacancies_url': 'https://api.hh.ru/vacancies?employer_id=4525306', 'accredited_it_employer': False, 'trusted': True}","{'requirement': 'Владение фреймворками <highlighttext>машинного</highlighttext> <highlighttext>обучения</highlighttext> (scikit-<highlighttext>learn</highlighttext>, TensorFlow, Keras, PyTorch). Опыт построения рекомендательных систем и предиктивных моделей. Опыт обоснования предлагаемых <highlighttext>ML</highlighttext>...', 'responsibility': 'Разработка прототипов систем <highlighttext>машинного</highlighttext> <highlighttext>обучения</highlighttext>. Взаимодействие с командой разработчиков и <highlighttext>аналитиков</highlighttext> для реализации систем <highlighttext>машинного</highlighttext> <highlighttext>обучения</highlighttext>. Подготовка <highlighttext>данных</highlighttext>, <highlighttext>обучение</highlighttext> и...'}",,"{'id': 'fullDay', 'name': 'Полный день'}",[],[],[],False,"[{'id': '165', 'name': 'Дата-сайентист'}]",False,"{'id': 'between1And3', 'name': 'От 1 года до 3 лет'}","{'id': 'full', 'name': 'Полная занятость'}",,False,
24,93475271,True,Data Engineer,,False,False,"{'id': '1002', 'name': 'Минск', 'url': 'https://api.hh.ru/areas/1002'}",,"{'id': 'open', 'name': 'Открытая'}","{'city': 'Минск', 'street': 'проспект Независимости', 'building': '32А', 'lat': 53.904772, 'lng': 27.569341, 'description': None, 'raw': 'Минск, проспект Независимости, 32А', 'metro': {'station_name': 'Купаловская', 'line_name': 'Автозаводская', 'station_id': '63.423', 'line_id': '63', 'lat': 53.901408, 'lng': 27.561247}, 'metro_stations': [{'station_name': 'Купаловская', 'line_name': 'Автозаводская', 'station_id': '63.423', 'line_id': '63', 'lat': 53.901408, 'lng': 27.561247}, {'station_name': 'Октябрьская', 'line_name': 'Московская', 'station_id': '62.410', 'line_id': '62', 'lat': 53.901562, 'lng': 27.561068}, {'station_name': 'Площадь Победы', 'line_name': 'Московская', 'station_id': '62.409', 'line_id': '62', 'lat': 53.908644, 'lng': 27.575054}], 'id': '11229272'}",,,2024-03-01T11:57:18+0300,2024-03-01T11:57:18+0300,False,https://hh.ru/applicant/vacancy_response?vacancyId=93475271,True,,https://api.hh.ru/vacancies/93475271?host=hh.ru,https://hh.ru/vacancy/93475271,[],"{'id': '1156409', 'name': 'Водород', 'url': 'https://api.hh.ru/employers/1156409', 'alternate_url': 'https://hh.ru/employer/1156409', 'logo_urls': {'original': 'https://hhcdn.ru/employer-logo-original/996441.jpg', '90': 'https://hhcdn.ru/employer-logo/5606560.jpeg', '240': 'https://hhcdn.ru/employer-logo/5606561.jpeg'}, 'vacancies_url': 'https://api.hh.ru/vacancies?employer_id=1156409', 'accredited_it_employer': False, 'trusted': True}","{'requirement': 'Опыт работы с хранилищами <highlighttext>данных</highlighttext> от 2 лет. Будет плюсом: Знание правил настройки и оптимизации СУБД Greenplum (дистрибуция, ресурсные группы). ', 'responsibility': 'СУБД: Oracle, Greenplum. Участие в миграции <highlighttext>данных</highlighttext> с Oracle на Postgres.'}",,"{'id': 'fullDay', 'name': 'Полный день'}",[],[],[],False,"[{'id': '96', 'name': 'Программист, разработчик'}]",False,"{'id': 'between1And3', 'name': 'От 1 года до 3 лет'}","{'id': 'full', 'name': 'Полная занятость'}",,False,
25,92848458,False,Data analyst (аналитик данных),,False,False,"{'id': '1002', 'name': 'Минск', 'url': 'https://api.hh.ru/areas/1002'}",,"{'id': 'open', 'name': 'Открытая'}",,,,2024-03-02T18:38:49+0300,2024-03-02T18:38:49+0300,False,https://hh.ru/applicant/vacancy_response?vacancyId=92848458,,,https://api.hh.ru/vacancies/92848458?host=hh.ru,https://hh.ru/vacancy/92848458,[],"{'id': '4525306', 'name': 'МАКСБИТСОЛЮШЕН', 'url': 'https://api.hh.ru/employers/4525306', 'alternate_url': 'https://hh.ru/employer/4525306', 'logo_urls': {'90': 'https://hhcdn.ru/employer-logo/4272552.jpeg', '240': 'https://hhcdn.ru/employer-logo/4272553.jpeg', 'original': 'https://hhcdn.ru/employer-logo-original/958006.jpg'}, 'vacancies_url': 'https://api.hh.ru/vacancies?employer_id=4525306', 'accredited_it_employer': False, 'trusted': True}","{'requirement': 'Опыт работы <highlighttext>аналитиком</highlighttext> <highlighttext>данных</highlighttext> не менее 2-х лет. Наличие портфолио на GitHub (кандидаты без портфолио не рассматриваются). ', 'responsibility': 'Оптимизация и автоматизация процессов сбора и обработки <highlighttext>данных</highlighttext>. Анализ <highlighttext>данных</highlighttext> для выявления трендов, аномалий, возможностей для роста, адаптация результатов анализа...'}",,"{'id': 'fullDay', 'name': 'Полный день'}",[],[],[],False,"[{'id': '156', 'name': 'BI-аналитик, аналитик данных'}]",False,"{'id': 'between1And3', 'name': 'От 1 года до 3 лет'}","{'id': 'full', 'name': 'Полная занятость'}",,False,
26,93201007,False,Data Engineer at 365Scores,,False,False,"{'id': '1002', 'name': 'Минск', 'url': 'https://api.hh.ru/areas/1002'}",,"{'id': 'open', 'name': 'Открытая'}","{'city': 'Минск', 'street': 'улица Смолячкова', 'building': '14А', 'lat': 53.910394, 'lng': 27.586616, 'description': None, 'raw': 'Минск, улица Смолячкова, 14А', 'metro': {'station_name': 'Площадь Победы', 'line_name': 'Московская', 'station_id': '62.409', 'line_id': '62', 'lat': 53.908644, 'lng': 27.575054}, 'metro_stations': [{'station_name': 'Площадь Победы', 'line_name': 'Московская', 'station_id': '62.409', 'line_id': '62', 'lat': 53.908644, 'lng': 27.575054}], 'id': '6692596'}",,,2024-02-14T11:18:50+0300,2024-02-14T11:18:50+0300,False,https://hh.ru/applicant/vacancy_response?vacancyId=93201007,,,https://api.hh.ru/vacancies/93201007?host=hh.ru,https://hh.ru/vacancy/93201007,[],"{'id': '2509056', 'name': 'Он Зэ Спот Девелопмент', 'url': 'https://api.hh.ru/employers/2509056', 'alternate_url': 'https://hh.ru/employer/2509056', 'logo_urls': {'original': 'https://hhcdn.ru/employer-logo-original/394480.png', '90': 'https://hhcdn.ru/employer-logo/2020174.png', '240': 'https://hhcdn.ru/employer-logo/2020175.png'}, 'vacancies_url': 'https://api.hh.ru/vacancies?employer_id=2509056', 'accredited_it_employer': False, 'trusted': True}","{'requirement': '...with <highlighttext>data</highlighttext> warehouse solutions (like Bigquery/ Redshift/ Snowflake or others). Experience with <highlighttext>data</highlighttext> modeling, <highlighttext>data</highlighttext> catalog concepts, <highlighttext>data</highlighttext> formats, <highlighttext>data</highlighttext>...', 'responsibility': '...optimize <highlighttext>data</highlighttext> pipelines for performance, reliability, and <highlighttext>data</highlighttext> quality. Implement and manage <highlighttext>data</highlighttext> storage solutions, including relational databases, <highlighttext>data</highlighttext> warehouses...'}",,"{'id': 'fullDay', 'name': 'Полный день'}",[],[],[],False,"[{'id': '96', 'name': 'Программист, разработчик'}]",False,"{'id': 'between3And6', 'name': 'От 3 до 6 лет'}","{'id': 'full', 'name': 'Полная занятость'}",,False,
27,88244343,False,ML/ DS Engineer,,False,False,"{'id': '1002', 'name': 'Минск', 'url': 'https://api.hh.ru/areas/1002'}",,"{'id': 'open', 'name': 'Открытая'}",,,,2024-02-12T15:23:37+0300,2024-02-12T15:23:37+0300,False,https://hh.ru/applicant/vacancy_response?vacancyId=88244343,,,https://api.hh.ru/vacancies/88244343?host=hh.ru,https://hh.ru/vacancy/88244343,[],"{'id': '1858119', 'name': 'Innowise Group / Фабрика инноваций и решений', 'url': 'https://api.hh.ru/employers/1858119', 'alternate_url': 'https://hh.ru/employer/1858119', 'logo_urls': {'90': 'https://hhcdn.ru/employer-logo/3339492.png', '240': 'https://hhcdn.ru/employer-logo/3339493.png', 'original': 'https://hhcdn.ru/employer-logo-original/724601.png'}, 'vacancies_url': 'https://api.hh.ru/vacancies?employer_id=1858119', 'accredited_it_employer': False, 'trusted': True}","{'requirement': 'Опыт проектирования и работы со сложными моделями <highlighttext>машинного</highlighttext> <highlighttext>обучения</highlighttext> и технического руководства командой. Уметь быстро проводить этапы обнаружения по различным...', 'responsibility': 'Подготовка к собеседованиям с зарубежными заказчиками на английском языке. Рабочая среда: Подробный онбординг: знакомство с командой, процессами и правилами, экскурсия...'}",,"{'id': 'fullDay', 'name': 'Полный день'}",[],[],[],False,"[{'id': '96', 'name': 'Программист, разработчик'}]",False,"{'id': 'between1And3', 'name': 'От 1 года до 3 лет'}","{'id': 'full', 'name': 'Полная занятость'}",,False,
28,93553626,False,Data Scientist,,False,False,"{'id': '1002', 'name': 'Минск', 'url': 'https://api.hh.ru/areas/1002'}",,"{'id': 'open', 'name': 'Открытая'}","{'city': 'Минск', 'street': 'улица Леонида Беды', 'building': '2', 'lat': 53.929892, 'lng': 27.587837, 'description': None, 'raw': 'Минск, улица Леонида Беды, 2', 'metro': None, 'metro_stations': [], 'id': '297849'}",,,2024-02-20T16:03:28+0300,2024-02-20T16:03:28+0300,False,https://hh.ru/applicant/vacancy_response?vacancyId=93553626,,,https://api.hh.ru/vacancies/93553626?host=hh.ru,https://hh.ru/vacancy/93553626,[],"{'id': '746783', 'name': 'Научсофт', 'url': 'https://api.hh.ru/employers/746783', 'alternate_url': 'https://hh.ru/employer/746783', 'logo_urls': {'original': 'https://hhcdn.ru/employer-logo-original/1057529.png', '90': 'https://hhcdn.ru/employer-logo/5850757.png', '240': 'https://hhcdn.ru/employer-logo/5850758.png'}, 'vacancies_url': 'https://api.hh.ru/vacancies?employer_id=746783', 'accredited_it_employer': False, 'trusted': True}","{'requirement': 'Understanding a deep <highlighttext>learning</highlighttext> algorithm (LLM). - An analytical mind with problem-solving abilities. - Experience in applying various <highlighttext>machine</highlighttext> <highlighttext>learning</highlighttext> techniques...', 'responsibility': ""Develop the team's knowledge basis and broaden their overall vision of <highlighttext>machine</highlighttext> <highlighttext>learning</highlighttext>. - Provide technical guidance in planning and...""}",,"{'id': 'fullDay', 'name': 'Полный день'}",[],[],[],False,"[{'id': '96', 'name': 'Программист, разработчик'}]",False,"{'id': 'between3And6', 'name': 'От 3 до 6 лет'}","{'id': 'full', 'name': 'Полная занятость'}",,False,
29,91174681,False,Аналитик данных по розничному бизнесу,,False,False,"{'id': '1002', 'name': 'Минск', 'url': 'https://api.hh.ru/areas/1002'}",,"{'id': 'open', 'name': 'Открытая'}","{'city': 'Минск', 'street': 'Коммунистическая улица', 'building': '49', 'lat': 53.91408, 'lng': 27.552659, 'description': None, 'raw': 'Минск, Коммунистическая улица, 49', 'metro': {'station_name': 'Немига', 'line_name': 'Автозаводская', 'station_id': '63.422', 'line_id': '63', 'lat': 53.905615, 'lng': 27.55415}, 'metro_stations': [{'station_name': 'Немига', 'line_name': 'Автозаводская', 'station_id': '63.422', 'line_id': '63', 'lat': 53.905615, 'lng': 27.55415}], 'id': '586734'}",,,2024-02-28T16:00:14+0300,2024-02-28T16:00:14+0300,False,https://hh.ru/applicant/vacancy_response?vacancyId=91174681,,,https://api.hh.ru/vacancies/91174681?host=hh.ru,https://hh.ru/vacancy/91174681,[],"{'id': '1078758', 'name': 'Банк Дабрабыт', 'url': 'https://api.hh.ru/employers/1078758', 'alternate_url': 'https://hh.ru/employer/1078758', 'logo_urls': {'240': 'https://hhcdn.ru/employer-logo/2906349.jpeg', '90': 'https://hhcdn.ru/employer-logo/2906348.jpeg', 'original': 'https://hhcdn.ru/employer-logo-original/616299.jpg'}, 'vacancies_url': 'https://api.hh.ru/vacancies?employer_id=1078758', 'accredited_it_employer': False, 'trusted': True}","{'requirement': 'Высшее экономическое образование. Обязательные навыки: уверенное знание Excel на профессиональном уровне (стандартные формулы, их комбинации, сводные таблицы) и PowerPoint. ', 'responsibility': 'Подготовка аналитических отчетов, планов продаж, прогнозов. Подготовка презентаций по направлению деятельности. Сбор <highlighttext>данных</highlighttext> из разных источников, их обработка, систематизация и...'}",,"{'id': 'fullDay', 'name': 'Полный день'}",[],[],[],False,"[{'id': '10', 'name': 'Аналитик'}]",False,"{'id': 'between1And3', 'name': 'От 1 года до 3 лет'}","{'id': 'full', 'name': 'Полная занятость'}",,False,
30,92960323,False,Аналитик данных корпоративного бизнеса,,False,False,"{'id': '1002', 'name': 'Минск', 'url': 'https://api.hh.ru/areas/1002'}",,"{'id': 'open', 'name': 'Открытая'}",,,,2024-02-09T15:07:58+0300,2024-02-09T15:07:58+0300,False,https://hh.ru/applicant/vacancy_response?vacancyId=92960323,,,https://api.hh.ru/vacancies/92960323?host=hh.ru,https://hh.ru/vacancy/92960323,[],"{'id': '1078758', 'name': 'Банк Дабрабыт', 'url': 'https://api.hh.ru/employers/1078758', 'alternate_url': 'https://hh.ru/employer/1078758', 'logo_urls': {'240': 'https://hhcdn.ru/employer-logo/2906349.jpeg', '90': 'https://hhcdn.ru/employer-logo/2906348.jpeg', 'original': 'https://hhcdn.ru/employer-logo-original/616299.jpg'}, 'vacancies_url': 'https://api.hh.ru/vacancies?employer_id=1078758', 'accredited_it_employer': False, 'trusted': True}","{'requirement': 'Навыки работы с большими объемами <highlighttext>данных</highlighttext>, структурирование и визуализация <highlighttext>данных</highlighttext>. Опыт экономического моделирования и прогнозирования (приветствуется). Обязательное знание MS Excel...', 'responsibility': 'Подготовка аналитических материалов (презентаций) о работе корпоративного блока. Подготовка <highlighttext>данных</highlighttext> для формирования бизнес-плана по корпоративному блоку в разрезе продуктов...'}",,"{'id': 'fullDay', 'name': 'Полный день'}",[],[],[],False,"[{'id': '156', 'name': 'BI-аналитик, аналитик данных'}]",False,"{'id': 'between1And3', 'name': 'От 1 года до 3 лет'}","{'id': 'full', 'name': 'Полная занятость'}",,False,
31,93562923,False,Data Analyst (Game Analyst),,False,False,"{'id': '1002', 'name': 'Минск', 'url': 'https://api.hh.ru/areas/1002'}",,"{'id': 'open', 'name': 'Открытая'}","{'city': 'Минск', 'street': 'Партизанский проспект', 'building': '178/2', 'lat': 53.849907, 'lng': 27.694449, 'description': None, 'raw': 'Минск, Партизанский проспект, 178/2', 'metro': None, 'metro_stations': [], 'id': '11309147'}",,,2024-02-29T18:28:12+0300,2024-02-29T18:28:12+0300,False,https://hh.ru/applicant/vacancy_response?vacancyId=93562923,,,https://api.hh.ru/vacancies/93562923?host=hh.ru,https://hh.ru/vacancy/93562923,[],"{'id': '856498', 'name': 'Lesta Games', 'url': 'https://api.hh.ru/employers/856498', 'alternate_url': 'https://hh.ru/employer/856498', 'logo_urls': {'original': 'https://hhcdn.ru/employer-logo-original/1002934.png', '90': 'https://hhcdn.ru/employer-logo/5632516.png', '240': 'https://hhcdn.ru/employer-logo/5632517.png'}, 'vacancies_url': 'https://api.hh.ru/vacancies?employer_id=856498', 'accredited_it_employer': True, 'trusted': True}","{'requirement': 'Глубокое понимание ключевых продуктовых KPI в игровой <highlighttext>аналитике</highlighttext>. Экспертные знания и опыт работы с MS Excel, опыт обработки больших <highlighttext>данных</highlighttext>. ', 'responsibility': 'Исследование игры как набора ресурсных циклов и систем целеполагания игроков. Исследование экономической составляющей игры. Формирование гипотез для проверки, проведение исследований...'}",,"{'id': 'fullDay', 'name': 'Полный день'}",[],[],[],False,"[{'id': '156', 'name': 'BI-аналитик, аналитик данных'}]",False,"{'id': 'between3And6', 'name': 'От 3 до 6 лет'}","{'id': 'full', 'name': 'Полная занятость'}",,False,
32,93334164,False,Data Engineer,,False,False,"{'id': '1002', 'name': 'Минск', 'url': 'https://api.hh.ru/areas/1002'}",,"{'id': 'open', 'name': 'Открытая'}",,,,2024-02-16T11:13:50+0300,2024-02-16T11:13:50+0300,False,https://hh.ru/applicant/vacancy_response?vacancyId=93334164,True,,https://api.hh.ru/vacancies/93334164?host=hh.ru,https://hh.ru/vacancy/93334164,[],"{'id': '851604', 'name': 'Andersen', 'url': 'https://api.hh.ru/employers/851604', 'alternate_url': 'https://hh.ru/employer/851604', 'logo_urls': {'original': 'https://hhcdn.ru/employer-logo-original/950652.png', '240': 'https://hhcdn.ru/employer-logo/4243145.png', '90': 'https://hhcdn.ru/employer-logo/4243144.png'}, 'vacancies_url': 'https://api.hh.ru/vacancies?employer_id=851604', 'accredited_it_employer': False, 'trusted': True}","{'requirement': 'Being willing to <highlighttext>learn</highlighttext> and adapt. Must-haves: - Experience as a <highlighttext>Data</highlighttext> <highlighttext>Engineer</highlighttext> for 2+ years. - BA in Computer...', 'responsibility': 'Processing <highlighttext>Data</highlighttext> with the most performant & efficient practices to transform <highlighttext>data</highlighttext> into insights. - Experimenting with new technologies to improve the...'}",,"{'id': 'fullDay', 'name': 'Полный день'}",[],[],[],False,"[{'id': '96', 'name': 'Программист, разработчик'}]",False,"{'id': 'between1And3', 'name': 'От 1 года до 3 лет'}","{'id': 'full', 'name': 'Полная занятость'}",,False,
33,89694182,False,Senior Data Analyst (Gaming),,False,False,"{'id': '1002', 'name': 'Минск', 'url': 'https://api.hh.ru/areas/1002'}",,"{'id': 'open', 'name': 'Открытая'}",,,,2024-02-18T17:46:40+0300,2024-02-18T17:46:40+0300,False,https://hh.ru/applicant/vacancy_response?vacancyId=89694182,,,https://api.hh.ru/vacancies/89694182?host=hh.ru,https://hh.ru/vacancy/89694182,[],"{'id': '958733', 'name': 'Вайзор Геймз', 'url': 'https://api.hh.ru/employers/958733', 'alternate_url': 'https://hh.ru/employer/958733', 'logo_urls': {'240': 'https://hhcdn.ru/employer-logo/1665183.png', 'original': 'https://hhcdn.ru/employer-logo-original/305703.png', '90': 'https://hhcdn.ru/employer-logo/1665182.png'}, 'vacancies_url': 'https://api.hh.ru/vacancies?employer_id=958733', 'accredited_it_employer': False, 'trusted': True}","{'requirement': 'Знание основ статистики, теории вероятности, экономики. Уверенное знание SQL. Навыки визуализации <highlighttext>данных</highlighttext>. Умение предоставлять результаты своей работы в понятном виде. ', 'responsibility': 'Обработка гипотез проектных команд. Подтверждение или опровержение гипотез на основе <highlighttext>данных</highlighttext> о действиях игроков. Проведение A/B тестов (от генерирования...'}",,"{'id': 'fullDay', 'name': 'Полный день'}",[],[],[],False,"[{'id': '10', 'name': 'Аналитик'}]",False,"{'id': 'between3And6', 'name': 'От 3 до 6 лет'}","{'id': 'full', 'name': 'Полная занятость'}",,False,
34,90393756,False,ML Consultant,,False,False,"{'id': '1002', 'name': 'Минск', 'url': 'https://api.hh.ru/areas/1002'}",,"{'id': 'open', 'name': 'Открытая'}",,,,2024-02-04T14:40:06+0300,2024-02-04T14:40:06+0300,False,https://hh.ru/applicant/vacancy_response?vacancyId=90393756,,,https://api.hh.ru/vacancies/90393756?host=hh.ru,https://hh.ru/vacancy/90393756,[],"{'id': '1858119', 'name': 'Innowise Group / Фабрика инноваций и решений', 'url': 'https://api.hh.ru/employers/1858119', 'alternate_url': 'https://hh.ru/employer/1858119', 'logo_urls': {'90': 'https://hhcdn.ru/employer-logo/3339492.png', '240': 'https://hhcdn.ru/employer-logo/3339493.png', 'original': 'https://hhcdn.ru/employer-logo-original/724601.png'}, 'vacancies_url': 'https://api.hh.ru/vacancies?employer_id=1858119', 'accredited_it_employer': False, 'trusted': True}","{'requirement': '...<highlighttext>машинного</highlighttext> <highlighttext>обучения</highlighttext> (<highlighttext>ML</highlighttext>): От 3х лет коммерческого опыта. Знание и практический опыт в использовании алгоритмов и моделей <highlighttext>машинного</highlighttext> <highlighttext>обучения</highlighttext>. ', 'responsibility': 'Подготовку к собеседованиям с зарубежными заказчиками на английском языке. . Рабочая среда: Подробный онбординг: знакомство с командой, процессами и правилами, экскурсия...'}",,"{'id': 'fullDay', 'name': 'Полный день'}",[],[],[],False,"[{'id': '96', 'name': 'Программист, разработчик'}]",False,"{'id': 'between3And6', 'name': 'От 3 до 6 лет'}","{'id': 'full', 'name': 'Полная занятость'}",,False,
35,93513863,False,Data Scientist / Machine Learning Engineer,,False,False,"{'id': '1002', 'name': 'Минск', 'url': 'https://api.hh.ru/areas/1002'}",,"{'id': 'open', 'name': 'Открытая'}","{'city': 'Минск', 'street': 'Передовая улица', 'building': '111А', 'lat': 53.905095, 'lng': 27.635987, 'description': None, 'raw': 'Минск, Передовая улица, 111А', 'metro': {'station_name': 'Московская', 'line_name': 'Московская', 'station_id': '62.405', 'line_id': '62', 'lat': 53.927978, 'lng': 27.627812}, 'metro_stations': [{'station_name': 'Московская', 'line_name': 'Московская', 'station_id': '62.405', 'line_id': '62', 'lat': 53.927978, 'lng': 27.627812}, {'station_name': 'Тракторный завод', 'line_name': 'Автозаводская', 'station_id': '63.426', 'line_id': '63', 'lat': 53.890033, 'lng': 27.614374}], 'id': '5673870'}",,,2024-02-20T09:47:27+0300,2024-02-20T09:47:27+0300,False,https://hh.ru/applicant/vacancy_response?vacancyId=93513863,,,https://api.hh.ru/vacancies/93513863?host=hh.ru,https://hh.ru/vacancy/93513863,[],"{'id': '4475064', 'name': 'Навексофт', 'url': 'https://api.hh.ru/employers/4475064', 'alternate_url': 'https://hh.ru/employer/4475064', 'logo_urls': {'original': 'https://hhcdn.ru/employer-logo-original/890983.png', '90': 'https://hhcdn.ru/employer-logo/4004619.png', '240': 'https://hhcdn.ru/employer-logo/4004620.png'}, 'vacancies_url': 'https://api.hh.ru/vacancies?employer_id=4475064', 'accredited_it_employer': False, 'trusted': True}","{'requirement': 'Опыт коммерческой разработки по <highlighttext>машинному</highlighttext> <highlighttext>обучению</highlighttext> от 3-х лет. Опыт <highlighttext>обучения</highlighttext> и тестирования моделей классификации, детектирования, сегментации. ', 'responsibility': 'Разработка и поддержка кода <highlighttext>аналитики</highlighttext>, участие в поиске и устранении проблем, предоставление экспертизы по <highlighttext>аналитике</highlighttext>. Анализ задач, построение и проверка...'}",,"{'id': 'fullDay', 'name': 'Полный день'}",[],[],[],False,"[{'id': '165', 'name': 'Дата-сайентист'}]",False,"{'id': 'between3And6', 'name': 'От 3 до 6 лет'}","{'id': 'full', 'name': 'Полная занятость'}",,False,
36,92489612,False,Data Scientist,,True,False,"{'id': '1002', 'name': 'Минск', 'url': 'https://api.hh.ru/areas/1002'}",,"{'id': 'open', 'name': 'Открытая'}",,,,2024-03-01T21:34:37+0300,2024-03-01T21:34:37+0300,False,https://hh.ru/applicant/vacancy_response?vacancyId=92489612,True,,https://api.hh.ru/vacancies/92489612?host=hh.ru,https://hh.ru/vacancy/92489612,[],"{'id': '534346', 'name': 'АЛЬФА-БАНК', 'url': 'https://api.hh.ru/employers/534346', 'alternate_url': 'https://hh.ru/employer/534346', 'logo_urls': {'original': 'https://hhcdn.ru/employer-logo-original/878490.png', '240': 'https://hhcdn.ru/employer-logo/3954836.png', '90': 'https://hhcdn.ru/employer-logo/3954835.png'}, 'vacancies_url': 'https://api.hh.ru/vacancies?employer_id=534346', 'accredited_it_employer': False, 'trusted': True}","{'requirement': '...конкурсах по <highlighttext>ML</highlighttext>/DL: Kaggle, DrivenData, AIcrowd, RoboCup, etc.. Наличие собственных проектов в публичных репозиториях в области <highlighttext>ML</highlighttext>/<highlighttext>AI</highlighttext>, CV...', 'responsibility': 'Присоединяйся к команде разработки алгоритмов <highlighttext>машинного</highlighttext> <highlighttext>обучения</highlighttext> в роли <highlighttext>Data</highlighttext>-сайнтиста! Задачи: Очистка, преобразование и агрегация <highlighttext>данных</highlighttext> для анализа и...'}",,"{'id': 'fullDay', 'name': 'Полный день'}",[],[],[],False,"[{'id': '165', 'name': 'Дата-сайентист'}]",False,"{'id': 'between3And6', 'name': 'От 3 до 6 лет'}","{'id': 'full', 'name': 'Полная занятость'}",,False,
37,89724613,False,Senior Data Scientist (ML engineer),,False,False,"{'id': '1002', 'name': 'Минск', 'url': 'https://api.hh.ru/areas/1002'}",,"{'id': 'open', 'name': 'Открытая'}",,,,2024-02-19T11:46:17+0300,2024-02-19T11:46:17+0300,False,https://hh.ru/applicant/vacancy_response?vacancyId=89724613,,,https://api.hh.ru/vacancies/89724613?host=hh.ru,https://hh.ru/vacancy/89724613,[],"{'id': '958733', 'name': 'Вайзор Геймз', 'url': 'https://api.hh.ru/employers/958733', 'alternate_url': 'https://hh.ru/employer/958733', 'logo_urls': {'240': 'https://hhcdn.ru/employer-logo/1665183.png', 'original': 'https://hhcdn.ru/employer-logo-original/305703.png', '90': 'https://hhcdn.ru/employer-logo/1665182.png'}, 'vacancies_url': 'https://api.hh.ru/vacancies?employer_id=958733', 'accredited_it_employer': False, 'trusted': True}","{'requirement': '...модели на основе сырых <highlighttext>данных</highlighttext>. Навыки визуализации <highlighttext>данных</highlighttext>. Опыт работы с Deep <highlighttext>Learning</highlighttext> и <highlighttext>Reinforcement</highlighttext> <highlighttext>Learning</highlighttext>. Умение предоставлять результаты своей...', 'responsibility': '...тестирования с использованием <highlighttext>ML</highlighttext> критериев. Участие в разработке и поддержке продакшн пайплайнов, подготовки <highlighttext>данных</highlighttext> необходимых для функционирования <highlighttext>ML</highlighttext> сервисов. '}",,"{'id': 'fullDay', 'name': 'Полный день'}",[],[],[],False,"[{'id': '165', 'name': 'Дата-сайентист'}]",False,"{'id': 'moreThan6', 'name': 'Более 6 лет'}","{'id': 'full', 'name': 'Полная занятость'}",,False,
38,91983714,False,Инженер-программист (машинное обучение),,False,False,"{'id': '1002', 'name': 'Минск', 'url': 'https://api.hh.ru/areas/1002'}",,"{'id': 'open', 'name': 'Открытая'}","{'city': 'Минск', 'street': 'улица Макаёнка', 'building': '25', 'lat': 53.915989, 'lng': 27.622126, 'description': None, 'raw': 'Минск, улица Макаёнка, 25', 'metro': {'station_name': 'Парк Челюскинцев', 'line_name': 'Московская', 'station_id': '62.406', 'line_id': '62', 'lat': 53.924214, 'lng': 27.613646}, 'metro_stations': [{'station_name': 'Парк Челюскинцев', 'line_name': 'Московская', 'station_id': '62.406', 'line_id': '62', 'lat': 53.924214, 'lng': 27.613646}], 'id': '619766'}",,,2024-02-19T16:58:51+0300,2024-02-19T16:58:51+0300,False,https://hh.ru/applicant/vacancy_response?vacancyId=91983714,True,,https://api.hh.ru/vacancies/91983714?host=hh.ru,https://hh.ru/vacancy/91983714,[],"{'id': '782882', 'name': 'Пеленг', 'url': 'https://api.hh.ru/employers/782882', 'alternate_url': 'https://hh.ru/employer/782882', 'logo_urls': {'90': 'https://hhcdn.ru/employer-logo/6530181.jpeg', '240': 'https://hhcdn.ru/employer-logo/6530182.jpeg', 'original': 'https://hhcdn.ru/employer-logo-original/1227435.jpg'}, 'vacancies_url': 'https://api.hh.ru/vacancies?employer_id=782882', 'accredited_it_employer': False, 'trusted': True}","{'requirement': 'Опыт решения задач <highlighttext>машинного</highlighttext> <highlighttext>обучения</highlighttext>. Опыт разработки решений компьютерного зрения. Опыт разработки решений для встраиваемых систем. Программирование C/C++.', 'responsibility': 'Разработка ПО для решений <highlighttext>машинного</highlighttext> <highlighttext>обучения</highlighttext> (компьютерное зрение). Составление программной и технической документации.'}",,"{'id': 'fullDay', 'name': 'Полный день'}",[],[],[],False,"[{'id': '96', 'name': 'Программист, разработчик'}]",False,"{'id': 'between3And6', 'name': 'От 3 до 6 лет'}","{'id': 'full', 'name': 'Полная занятость'}",,False,
39,92764436,False,Data Engineer,,False,False,"{'id': '1002', 'name': 'Минск', 'url': 'https://api.hh.ru/areas/1002'}",,"{'id': 'open', 'name': 'Открытая'}",,,,2024-02-06T13:45:35+0300,2024-02-06T13:45:35+0300,False,https://hh.ru/applicant/vacancy_response?vacancyId=92764436,True,,https://api.hh.ru/vacancies/92764436?host=hh.ru,https://hh.ru/vacancy/92764436,[],"{'id': '6093775', 'name': 'Aston', 'url': 'https://api.hh.ru/employers/6093775', 'alternate_url': 'https://hh.ru/employer/6093775', 'logo_urls': {'240': 'https://hhcdn.ru/employer-logo/6574070.jpeg', '90': 'https://hhcdn.ru/employer-logo/6574069.jpeg', 'original': 'https://hhcdn.ru/employer-logo-original/1238409.jpg'}, 'vacancies_url': 'https://api.hh.ru/vacancies?employer_id=6093775', 'accredited_it_employer': True, 'trusted': True}","{'requirement': '...<highlighttext>Data</highlighttext> <highlighttext>Engineer</highlighttext> от 2-х лет. Уверенные знания Python 3.7 + Spark 2.4 / Spark 3.0 (структуры <highlighttext>данных</highlighttext>...', 'responsibility': 'Общение с коллегами DQ, выяснение деталей наполнения <highlighttext>данных</highlighttext>, участие в составлении БТ к данным. Написание ETL пайплайнов. Решение неожиданных проблем...'}",,"{'id': 'remote', 'name': 'Удаленная работа'}",[],[],[],False,"[{'id': '114', 'name': 'Системный инженер'}]",False,"{'id': 'between1And3', 'name': 'От 1 года до 3 лет'}","{'id': 'full', 'name': 'Полная занятость'}",,False,
40,92055559,False,Data Engineer,,False,False,"{'id': '1002', 'name': 'Минск', 'url': 'https://api.hh.ru/areas/1002'}",,"{'id': 'open', 'name': 'Открытая'}",,,,2024-02-22T09:45:11+0300,2024-02-22T09:45:11+0300,False,https://hh.ru/applicant/vacancy_response?vacancyId=92055559,True,,https://api.hh.ru/vacancies/92055559?host=hh.ru,https://hh.ru/vacancy/92055559,[],"{'id': '851604', 'name': 'Andersen', 'url': 'https://api.hh.ru/employers/851604', 'alternate_url': 'https://hh.ru/employer/851604', 'logo_urls': {'original': 'https://hhcdn.ru/employer-logo-original/950652.png', '240': 'https://hhcdn.ru/employer-logo/4243145.png', '90': 'https://hhcdn.ru/employer-logo/4243144.png'}, 'vacancies_url': 'https://api.hh.ru/vacancies?employer_id=851604', 'accredited_it_employer': False, 'trusted': True}","{'requirement': 'Must-haves: - Experience as a <highlighttext>Data</highlighttext> <highlighttext>Engineer</highlighttext> for 4+ years. - Experience with the OSS of the DE stack for...', 'responsibility': 'The project is a migration of the system from the old environment to a new corporate <highlighttext>data</highlighttext> model for the...'}",,"{'id': 'fullDay', 'name': 'Полный день'}",[],[],[],False,"[{'id': '96', 'name': 'Программист, разработчик'}]",False,"{'id': 'between3And6', 'name': 'От 3 до 6 лет'}","{'id': 'full', 'name': 'Полная занятость'}",,False,
41,93886945,False,Senior Data Scientist,,False,False,"{'id': '1002', 'name': 'Минск', 'url': 'https://api.hh.ru/areas/1002'}",,"{'id': 'open', 'name': 'Открытая'}",,,,2024-02-27T16:48:17+0300,2024-02-27T16:48:17+0300,False,https://hh.ru/applicant/vacancy_response?vacancyId=93886945,,,https://api.hh.ru/vacancies/93886945?host=hh.ru,https://hh.ru/vacancy/93886945,[],"{'id': '759873', 'name': 'LeverX International', 'url': 'https://api.hh.ru/employers/759873', 'alternate_url': 'https://hh.ru/employer/759873', 'logo_urls': {'original': 'https://hhcdn.ru/employer-logo-original/1190340.jpg', '90': 'https://hhcdn.ru/employer-logo/6381817.jpeg', '240': 'https://hhcdn.ru/employer-logo/6381818.jpeg'}, 'vacancies_url': 'https://api.hh.ru/vacancies?employer_id=759873', 'accredited_it_employer': False, 'trusted': True}","{'requirement': 'Great understanding and proven experience with <highlighttext>machine</highlighttext> <highlighttext>learning</highlighttext> (both supervised and unsupervised) classical models and <highlighttext>neural</highlighttext> <highlighttext>networks</highlighttext> and experience with...', 'responsibility': 'Working on own R&D projects. Full cycle projects. Corporate-funded training (functional training, foreign languages).'}",,"{'id': 'fullDay', 'name': 'Полный день'}",[],[],[],False,"[{'id': '40', 'name': 'Другое'}]",True,"{'id': 'between3And6', 'name': 'От 3 до 6 лет'}","{'id': 'full', 'name': 'Полная занятость'}",,False,
42,93160326,False,Data Engineer,,False,False,"{'id': '1002', 'name': 'Минск', 'url': 'https://api.hh.ru/areas/1002'}",,"{'id': 'open', 'name': 'Открытая'}",,,,2024-02-13T16:47:39+0300,2024-02-13T16:47:39+0300,False,https://hh.ru/applicant/vacancy_response?vacancyId=93160326,True,,https://api.hh.ru/vacancies/93160326?host=hh.ru,https://hh.ru/vacancy/93160326,[],"{'id': '851604', 'name': 'Andersen', 'url': 'https://api.hh.ru/employers/851604', 'alternate_url': 'https://hh.ru/employer/851604', 'logo_urls': {'original': 'https://hhcdn.ru/employer-logo-original/950652.png', '240': 'https://hhcdn.ru/employer-logo/4243145.png', '90': 'https://hhcdn.ru/employer-logo/4243144.png'}, 'vacancies_url': 'https://api.hh.ru/vacancies?employer_id=851604', 'accredited_it_employer': False, 'trusted': True}","{'requirement': 'Being willing to <highlighttext>learn</highlighttext> and adapt. Must-haves: - Experience as a <highlighttext>Data</highlighttext> <highlighttext>Engineer</highlighttext> for 2+ years. - BA in Computer...', 'responsibility': '...consumption across Business Units.- Processing <highlighttext>Data</highlighttext> with the most performant & efficient practices to transform <highlighttext>data</highlighttext> into insights. - Experimenting with new...'}",,"{'id': 'fullDay', 'name': 'Полный день'}",[],[],[],False,"[{'id': '96', 'name': 'Программист, разработчик'}]",False,"{'id': 'between1And3', 'name': 'От 1 года до 3 лет'}","{'id': 'full', 'name': 'Полная занятость'}",,False,
43,93306160,False,Главный Data engineer,,False,False,"{'id': '1002', 'name': 'Минск', 'url': 'https://api.hh.ru/areas/1002'}",,"{'id': 'open', 'name': 'Открытая'}",,,,2024-03-01T19:01:18+0300,2024-03-01T19:01:18+0300,False,https://hh.ru/applicant/vacancy_response?vacancyId=93306160,,,https://api.hh.ru/vacancies/93306160?host=hh.ru,https://hh.ru/vacancy/93306160,[],"{'id': '1074015', 'name': 'Бэлл Интегратор', 'url': 'https://api.hh.ru/employers/1074015', 'alternate_url': 'https://hh.ru/employer/1074015', 'logo_urls': {'240': 'https://hhcdn.ru/employer-logo/3852760.png', '90': 'https://hhcdn.ru/employer-logo/3852759.png', 'original': 'https://hhcdn.ru/employer-logo-original/852971.png'}, 'vacancies_url': 'https://api.hh.ru/vacancies?employer_id=1074015', 'accredited_it_employer': False, 'trusted': True}","{'requirement': 'Опыт проектирования объектов БД, понимание архитектуры хранилищ <highlighttext>данных</highlighttext>, знание основных принципов построения баз <highlighttext>данных</highlighttext>. Элементарные навыки работы с НСИ (нормативно...', 'responsibility': 'Оптимизация SQL запросов, оптимизация потоков IPC. Разработка алгоритмов расчета значений показателей. Консультация разработчиков в части выполнения ими требований, изложенных в...'}",,"{'id': 'remote', 'name': 'Удаленная работа'}",[],[],[],False,"[{'id': '96', 'name': 'Программист, разработчик'}]",False,"{'id': 'between3And6', 'name': 'От 3 до 6 лет'}","{'id': 'full', 'name': 'Полная занятость'}",,False,
44,89482186,False,Big Data infrastructure engineer/DBA (Минск),,False,False,"{'id': '1002', 'name': 'Минск', 'url': 'https://api.hh.ru/areas/1002'}",,"{'id': 'open', 'name': 'Открытая'}","{'city': 'Минск', 'street': 'Партизанский проспект', 'building': '178/2', 'lat': 53.849907, 'lng': 27.694449, 'description': None, 'raw': 'Минск, Партизанский проспект, 178/2', 'metro': None, 'metro_stations': [], 'id': '11309147'}",,,2024-03-02T10:46:53+0300,2024-03-02T10:46:53+0300,False,https://hh.ru/applicant/vacancy_response?vacancyId=89482186,,,https://api.hh.ru/vacancies/89482186?host=hh.ru,https://hh.ru/vacancy/89482186,[],"{'id': '856498', 'name': 'Lesta Games', 'url': 'https://api.hh.ru/employers/856498', 'alternate_url': 'https://hh.ru/employer/856498', 'logo_urls': {'original': 'https://hhcdn.ru/employer-logo-original/1002934.png', '90': 'https://hhcdn.ru/employer-logo/5632516.png', '240': 'https://hhcdn.ru/employer-logo/5632517.png'}, 'vacancies_url': 'https://api.hh.ru/vacancies?employer_id=856498', 'accredited_it_employer': True, 'trusted': True}","{'requirement': 'Хорошее знание основ администрирования Linux и Bash консоли. Уверенное владение SQL. Опыт разработки на python. Опыт работы с OLAP/OLTP...', 'responsibility': 'Оптимизацией производительности, обновлением, развитием мониторинга систем хранения <highlighttext>данных</highlighttext>. Разработкой инструментов оперирования данными и базами. Исследованием/анализом/оптимизацией текущей инфраструктуры, проектированием...'}",,"{'id': 'fullDay', 'name': 'Полный день'}",[],[],[],False,"[{'id': '40', 'name': 'Другое'}]",False,"{'id': 'between3And6', 'name': 'От 3 до 6 лет'}","{'id': 'full', 'name': 'Полная занятость'}",,False,
